Alloy,Base_Element,Engine_Location,Ni,Cr,Co,Mo,W,Al,Ti,Nb,Fe,C,Ta,Re,V,Other
Ti-6Al-4V,Ti,"Fan Blades, Low-Pressure Compressor",0.0,0.0,0.0,0.0,0.0,6.0,90.0,0.0,0.25,0.05,0.0,0.0,4.0,0.7
Ti-6242 (Ti-6Al-2Sn-4Zr-2Mo),Ti,High-Pressure Compressor Blades/Disks,0.0,0.0,0.0,2.0,0.0,6.0,86.0,0.0,0.0,0.0,0.0,0.0,0.0,6.0
Ti-1100,Ti,High-Pressure Compressor Disks,0.0,0.0,0.0,0.4,0.0,6.0,84.5,0.0,0.0,0.0,0.0,0.0,0.0,9.1
A-286,Fe,"Compressor Disks, Fasteners",26.0,15.0,0.0,1.3,0.0,0.2,2.1,0.0,53.0,0.05,0.0,0.0,0.3,2.05
Inconel 718,Ni,"Compressor/Turbine Disks, Casings",52.5,19.0,1.0,3.0,0.0,0.5,0.9,5.1,18.5,0.04,0.0,0.0,0.0,0.0
Rene 41,Ni,"Combustor Casings, Turbine Shrouds",51.0,19.0,11.0,9.75,0.0,1.5,3.15,0.0,5.0,0.09,0.0,0.0,0.0,0.0
Rene 108 (R108),Ni,Directionally Solidified Turbine Blades,61.2,8.4,9.5,0.5,9.5,5.5,0.7,0.0,0.0,0.09,3.0,0.0,0.0,1.5
Rene N5,Ni,Single Crystal High-Pressure Turbine Blades,61.7,7.0,7.5,1.5,5.0,6.2,0.0,0.0,0.0,0.05,6.5,3.0,0.0,1.55
CMSX-4,Ni,Single Crystal High-Pressure Turbine Blades,61.7,6.5,9.0,0.6,6.4,5.6,1.0,0.1,0.0,0.0,6.5,3.0,0.0,0.1
Inconel 625,Ni,"Exhaust Systems, Ducts",58.0,21.5,1.0,9.0,0.0,0.4,0.4,3.65,5.0,0.1,0.0,0.0,0.0,1.05
Waspaloy,Ni,"Turbine Disks, Shafts",58.0,19.0,13.5,4.3,0.0,1.3,3.0,0.0,2.0,0.08,0.0,0.0,0.0,0.0
Hastelloy X,Ni,"Combustor Liners, Tailpipes",47.0,22.0,1.5,9.0,0.6,0.0,0.0,0.0,18.5,0.1,0.0,0.0,0.0,1.3
Mar-M 509,Co,Turbine Nozzle Guide Vanes,10.0,24.0,55.0,0.0,7.0,0.0,0.2,0.0,1.5,0.6,3.5,0.0,0.0,0.5
L-605 (Haynes 25),Co,"Combustor Liners, Afterburner Parts",10.0,20.0,51.0,0.0,15.0,0.0,0.0,0.0,3.0,0.1,0.0,0.0,0.0,1.5
